{
  "ad_a": {
    "run_id": "2026-04-27T09:11",
    "ad_name": "ad_a",
    "n_timesteps": 11,
    "n_vertices": 20484,
    "roi_scores": {
      "visual": 0.04078441485762596,
      "motion": 0.03977673873305321,
      "auditory": 0.04144768416881561,
      "language": 0.04225732013583183,
      "memory": 0.02400791458785534,
      "attention": 0.01294769812375307,
      "emotion": 0.033397313207387924,
      "decision": 0.02435442991554737
    },
    "roi_timeseries": {
      "visual": [
        0.05439823865890503,
        0.04722730070352554,
        0.03724061697721481,
        0.03694252297282219,
        0.03469190374016762,
        0.0320100300014019,
        0.033422574400901794,
        0.04574475437402725,
        0.04957416281104088,
        0.03572341799736023,
        0.041652947664260864
      ],
      "motion": [
        0.051850825548172,
        0.041590411216020584,
        0.03268900513648987,
        0.032779090106487274,
        0.031002622097730637,
        0.029586046934127808,
        0.031555913388729095,
        0.045082371681928635,
        0.04991534724831581,
        0.03650982305407524,
        0.05498277395963669
      ],
      "auditory": [
        0.05515925958752632,
        0.04948896914720535,
        0.03944908455014229,
        0.038752928376197815,
        0.036283861845731735,
        0.03329989314079285,
        0.03430568426847458,
        0.04637088626623154,
        0.049898676574230194,
        0.03627850487828255,
        0.03663671389222145
      ],
      "language": [
        0.056784890592098236,
        0.05162897706031799,
        0.0409737229347229,
        0.04049525037407875,
        0.038025930523872375,
        0.034189820289611816,
        0.035417065024375916,
        0.04746885225176811,
        0.049985408782958984,
        0.035701341927051544,
        0.03415941074490547
      ],
      "memory": [
        0.03331915661692619,
        0.022852156311273575,
        0.015713775530457497,
        0.017054405063390732,
        0.014758248813450336,
        0.014099416323006153,
        0.02065710537135601,
        0.029061978682875633,
        0.028835797682404518,
        0.018368083983659744,
        0.049366939812898636
      ],
      "attention": [
        0.01917460188269615,
        0.005634351633489132,
        0.00024334047338925302,
        0.001654197694733739,
        -0.000522635062225163,
        0.0006267243297770619,
        0.0076523772440850735,
        0.016485540196299553,
        0.01799963042140007,
        0.008973213844001293,
        0.06450340896844864
      ],
      "emotion": [
        0.04482651501893997,
        0.03548578545451164,
        0.02705100178718567,
        0.02866860292851925,
        0.02616233006119728,
        0.024941973388195038,
        0.03096820041537285,
        0.03929946571588516,
        0.037612803280353546,
        0.026235822588205338,
        0.046118080615997314
      ],
      "decision": [
        0.03369912877678871,
        0.025387035682797432,
        0.017941975966095924,
        0.019435621798038483,
        0.016819190233945847,
        0.015318574383854866,
        0.021509326994419098,
        0.030038297176361084,
        0.029276223853230476,
        0.018554562702775,
        0.039918798953294754
      ]
    },
    "derived": {
      "hook_strength": 0.02872731535009936,
      "mid_retention": 0.007552721238295946,
      "peak_emotion_second": 10,
      "peak_emotion_value": 0.046118080615997314,
      "attention_decay_rate": 0.00301,
      "attention_pattern": "slow_build"
    },
    "global": {
      "mean": 0.032370127737522125,
      "peak": 1.2824649810791016,
      "p95": 0.4436221122741699,
      "std": 0.2033003866672516
    },
    "segments": [
      {
        "start": 0.0,
        "end": 1.0
      },
      {
        "start": 1.0,
        "end": 2.0
      },
      {
        "start": 2.0,
        "end": 3.0
      },
      {
        "start": 3.0,
        "end": 4.0
      },
      {
        "start": 4.0,
        "end": 5.0
      },
      {
        "start": 5.0,
        "end": 6.0
      },
      {
        "start": 6.0,
        "end": 7.0
      },
      {
        "start": 7.0,
        "end": 8.0
      },
      {
        "start": 8.0,
        "end": 9.0
      },
      {
        "start": 9.0,
        "end": 10.0
      },
      {
        "start": 10.0,
        "end": 11.0
      }
    ],
    "inference_secs": 198.7
  },
  "ad_b": {
    "run_id": "2026-04-27T09:11",
    "ad_name": "ad_b",
    "n_timesteps": 14,
    "n_vertices": 20484,
    "roi_scores": {
      "visual": -0.07390974462032318,
      "motion": -0.07007437944412231,
      "auditory": -0.06982282549142838,
      "language": -0.0795147567987442,
      "memory": -0.07030081748962402,
      "attention": -0.06075874716043472,
      "emotion": -0.0720655620098114,
      "decision": -0.07807119935750961
    },
    "roi_timeseries": {
      "visual": [
        -0.029631376266479492,
        -0.05083991959691048,
        -0.061069656163454056,
        -0.07344093173742294,
        -0.07757418602705002,
        -0.08296222239732742,
        -0.08825100213289261,
        -0.08881020545959473,
        -0.08669867366552353,
        -0.09407328069210052,
        -0.09773518145084381,
        -0.08637405931949615,
        -0.08144466578960419,
        -0.035831332206726074
      ],
      "motion": [
        -0.029627477750182152,
        -0.05110511928796768,
        -0.06063820794224739,
        -0.07409649342298508,
        -0.07647921144962311,
        -0.08021733909845352,
        -0.0836438536643982,
        -0.08420029282569885,
        -0.08427178114652634,
        -0.09145227074623108,
        -0.08858829736709595,
        -0.07630715519189835,
        -0.07522580027580261,
        -0.025188148021697998
      ],
      "auditory": [
        -0.024828696623444557,
        -0.045137450098991394,
        -0.05524648353457451,
        -0.06695382297039032,
        -0.0716782733798027,
        -0.07741332799196243,
        -0.08344569802284241,
        -0.08399437367916107,
        -0.08098911494016647,
        -0.08833557367324829,
        -0.09500546008348465,
        -0.08583485335111618,
        -0.08060956746339798,
        -0.0380464605987072
      ],
      "language": [
        -0.033367086201906204,
        -0.055186279118061066,
        -0.06584814935922623,
        -0.07737554609775543,
        -0.08219932019710541,
        -0.08903063833713531,
        -0.09518735855817795,
        -0.09511347115039825,
        -0.0918768122792244,
        -0.09907804429531097,
        -0.10739179700613022,
        -0.09480397403240204,
        -0.08597985655069351,
        -0.04076823964715004
      ],
      "memory": [
        -0.023122314363718033,
        -0.04539606720209122,
        -0.056246645748615265,
        -0.07007823884487152,
        -0.07224931567907333,
        -0.07684016227722168,
        -0.08218097686767578,
        -0.08557431399822235,
        -0.08208264410495758,
        -0.08909627050161362,
        -0.0924212634563446,
        -0.08536272495985031,
        -0.08879344910383224,
        -0.034767381846904755
      ],
      "attention": [
        -0.0175920482724905,
        -0.038549039512872696,
        -0.048466794192790985,
        -0.06370344758033752,
        -0.06477472931146622,
        -0.06682223826646805,
        -0.07056887447834015,
        -0.07453993707895279,
        -0.07258622348308563,
        -0.0801272839307785,
        -0.07801949977874756,
        -0.07312124222517014,
        -0.08254332840442657,
        -0.019207853823900223
      ],